Method,Job,AnalyzeLaunchVariance,EvaluateOverhead,MaxAbsoluteError,MaxRelativeError,MinInvokeCount,MinIterationTime,OutlierMode,Affinity,EnvironmentVariables,Jit,LargeAddressAware,Platform,PowerPlanMode,Runtime,AllowVeryLargeObjects,Concurrent,CpuGroups,Force,HeapAffinitizeMask,HeapCount,NoAffinitize,RetainVm,Server,Arguments,BuildConfiguration,Clock,EngineFactory,NuGetReferences,Toolchain,IsMutator,InvocationCount,IterationCount,IterationTime,LaunchCount,MaxIterationCount,MaxWarmupIterationCount,MemoryRandomization,MinIterationCount,MinWarmupIterationCount,RunStrategy,UnrollFactor,WarmupCount,Mean,Error,StdDev,Ratio,RatioSD,Gen0,Allocated,Alloc Ratio
Raw_TypedResults_Ok,ShortRun,False,Default,Default,Default,Default,Default,Default,1111111111111111,Empty,RyuJit,Default,X64,8c5e7fda-e8bf-4a96-9a85-a6e23a8c635c,.NET 10.0,False,True,False,True,Default,Default,False,False,False,Default,Default,Default,Default,Default,InProcessEmitToolchain,Default,Default,3,Default,1,Default,Default,Default,Default,Default,Default,16,3,4.501 ns,1.7208 ns,0.0943 ns,1.00,0.03,0.0029,24 B,1.00
Raw_TypedResults_Problem,ShortRun,False,Default,Default,Default,Default,Default,Default,1111111111111111,Empty,RyuJit,Default,X64,8c5e7fda-e8bf-4a96-9a85-a6e23a8c635c,.NET 10.0,False,True,False,True,Default,Default,False,False,False,Default,Default,Default,Default,Default,InProcessEmitToolchain,Default,Default,3,Default,1,Default,Default,Default,Default,Default,Default,16,3,24.349 ns,4.9607 ns,0.2719 ns,5.41,0.11,0.0201,168 B,7.00
Lookup_FindError,ShortRun,False,Default,Default,Default,Default,Default,Default,1111111111111111,Empty,RyuJit,Default,X64,8c5e7fda-e8bf-4a96-9a85-a6e23a8c635c,.NET 10.0,False,True,False,True,Default,Default,False,False,False,Default,Default,Default,Default,Default,InProcessEmitToolchain,Default,Default,3,Default,1,Default,Default,Default,Default,Default,Default,16,3,5.231 ns,0.2687 ns,0.0147 ns,1.16,0.02,0.0000,0 B,0.00
Lookup_FindError_miss,ShortRun,False,Default,Default,Default,Default,Default,Default,1111111111111111,Empty,RyuJit,Default,X64,8c5e7fda-e8bf-4a96-9a85-a6e23a8c635c,.NET 10.0,False,True,False,True,Default,Default,False,False,False,Default,Default,Default,Default,Default,InProcessEmitToolchain,Default,Default,3,Default,1,Default,Default,Default,Default,Default,Default,16,3,5.804 ns,0.2549 ns,0.0140 ns,1.29,0.02,0.0000,0 B,0.00
Lookup_FindErrorForInstance,ShortRun,False,Default,Default,Default,Default,Default,Default,1111111111111111,Empty,RyuJit,Default,X64,8c5e7fda-e8bf-4a96-9a85-a6e23a8c635c,.NET 10.0,False,True,False,True,Default,Default,False,False,False,Default,Default,Default,Default,Default,InProcessEmitToolchain,Default,Default,3,Default,1,Default,Default,Default,Default,Default,Default,16,3,2.514 ns,0.1267 ns,0.0069 ns,0.56,0.01,0.0000,0 B,0.00
Lookup_TryGetEndpointErrors,ShortRun,False,Default,Default,Default,Default,Default,Default,1111111111111111,Empty,RyuJit,Default,X64,8c5e7fda-e8bf-4a96-9a85-a6e23a8c635c,.NET 10.0,False,True,False,True,Default,Default,False,False,False,Default,Default,Default,Default,Default,InProcessEmitToolchain,Default,Default,3,Default,1,Default,Default,Default,Default,Default,Default,16,3,3.396 ns,0.2163 ns,0.0119 ns,0.75,0.01,0.0000,0 B,0.00
Core_Success,ShortRun,False,Default,Default,Default,Default,Default,Default,1111111111111111,Empty,RyuJit,Default,X64,8c5e7fda-e8bf-4a96-9a85-a6e23a8c635c,.NET 10.0,False,True,False,True,Default,Default,False,False,False,Default,Default,Default,Default,Default,InProcessEmitToolchain,Default,Default,3,Default,1,Default,Default,Default,Default,Default,Default,16,3,4.402 ns,1.1492 ns,0.0630 ns,0.98,0.02,0.0029,24 B,1.00
Core_Failure,ShortRun,False,Default,Default,Default,Default,Default,Default,1111111111111111,Empty,RyuJit,Default,X64,8c5e7fda-e8bf-4a96-9a85-a6e23a8c635c,.NET 10.0,False,True,False,True,Default,Default,False,False,False,Default,Default,Default,Default,Default,InProcessEmitToolchain,Default,Default,3,Default,1,Default,Default,Default,Default,Default,Default,16,3,60.113 ns,18.1459 ns,0.9946 ns,13.36,0.31,0.0362,304 B,12.67
ErrorOr_Success,ShortRun,False,Default,Default,Default,Default,Default,Default,1111111111111111,Empty,RyuJit,Default,X64,8c5e7fda-e8bf-4a96-9a85-a6e23a8c635c,.NET 10.0,False,True,False,True,Default,Default,False,False,False,Default,Default,Default,Default,Default,InProcessEmitToolchain,Default,Default,3,Default,1,Default,Default,Default,Default,Default,Default,16,3,4.550 ns,1.1178 ns,0.0613 ns,1.01,0.02,0.0029,24 B,1.00
ErrorOr_Failure,ShortRun,False,Default,Default,Default,Default,Default,Default,1111111111111111,Empty,RyuJit,Default,X64,8c5e7fda-e8bf-4a96-9a85-a6e23a8c635c,.NET 10.0,False,True,False,True,Default,Default,False,False,False,Default,Default,Default,Default,Default,InProcessEmitToolchain,Default,Default,3,Default,1,Default,Default,Default,Default,Default,Default,16,3,70.203 ns,10.5797 ns,0.5799 ns,15.60,0.30,0.0362,304 B,12.67
OneOf_Success,ShortRun,False,Default,Default,Default,Default,Default,Default,1111111111111111,Empty,RyuJit,Default,X64,8c5e7fda-e8bf-4a96-9a85-a6e23a8c635c,.NET 10.0,False,True,False,True,Default,Default,False,False,False,Default,Default,Default,Default,Default,InProcessEmitToolchain,Default,Default,3,Default,1,Default,Default,Default,Default,Default,Default,16,3,5.027 ns,1.6278 ns,0.0892 ns,1.12,0.03,0.0029,24 B,1.00
OneOf_Failure,ShortRun,False,Default,Default,Default,Default,Default,Default,1111111111111111,Empty,RyuJit,Default,X64,8c5e7fda-e8bf-4a96-9a85-a6e23a8c635c,.NET 10.0,False,True,False,True,Default,Default,False,False,False,Default,Default,Default,Default,Default,InProcessEmitToolchain,Default,Default,3,Default,1,Default,Default,Default,Default,Default,Default,16,3,66.640 ns,15.9067 ns,0.8719 ns,14.81,0.32,0.0362,304 B,12.67
LanguageExt_Success,ShortRun,False,Default,Default,Default,Default,Default,Default,1111111111111111,Empty,RyuJit,Default,X64,8c5e7fda-e8bf-4a96-9a85-a6e23a8c635c,.NET 10.0,False,True,False,True,Default,Default,False,False,False,Default,Default,Default,Default,Default,InProcessEmitToolchain,Default,Default,3,Default,1,Default,Default,Default,Default,Default,Default,16,3,5.903 ns,0.9953 ns,0.0546 ns,1.31,0.03,0.0029,24 B,1.00
LanguageExt_Failure,ShortRun,False,Default,Default,Default,Default,Default,Default,1111111111111111,Empty,RyuJit,Default,X64,8c5e7fda-e8bf-4a96-9a85-a6e23a8c635c,.NET 10.0,False,True,False,True,Default,Default,False,False,False,Default,Default,Default,Default,Default,InProcessEmitToolchain,Default,Default,3,Default,1,Default,Default,Default,Default,Default,Default,16,3,76.062 ns,30.8601 ns,1.6915 ns,16.91,0.45,0.0362,304 B,12.67
FluentResults_Success,ShortRun,False,Default,Default,Default,Default,Default,Default,1111111111111111,Empty,RyuJit,Default,X64,8c5e7fda-e8bf-4a96-9a85-a6e23a8c635c,.NET 10.0,False,True,False,True,Default,Default,False,False,False,Default,Default,Default,Default,Default,InProcessEmitToolchain,Default,Default,3,Default,1,Default,Default,Default,Default,Default,Default,16,3,5.487 ns,1.2518 ns,0.0686 ns,1.22,0.03,0.0029,24 B,1.00
FluentResults_Failure,ShortRun,False,Default,Default,Default,Default,Default,Default,1111111111111111,Empty,RyuJit,Default,X64,8c5e7fda-e8bf-4a96-9a85-a6e23a8c635c,.NET 10.0,False,True,False,True,Default,Default,False,False,False,Default,Default,Default,Default,Default,InProcessEmitToolchain,Default,Default,3,Default,1,Default,Default,Default,Default,Default,Default,16,3,80.490 ns,35.1649 ns,1.9275 ns,17.89,0.49,0.0391,328 B,13.67
Ardalis_Success,ShortRun,False,Default,Default,Default,Default,Default,Default,1111111111111111,Empty,RyuJit,Default,X64,8c5e7fda-e8bf-4a96-9a85-a6e23a8c635c,.NET 10.0,False,True,False,True,Default,Default,False,False,False,Default,Default,Default,Default,Default,InProcessEmitToolchain,Default,Default,3,Default,1,Default,Default,Default,Default,Default,Default,16,3,4.157 ns,0.2016 ns,0.0110 ns,0.92,0.02,0.0029,24 B,1.00
Ardalis_Failure,ShortRun,False,Default,Default,Default,Default,Default,Default,1111111111111111,Empty,RyuJit,Default,X64,8c5e7fda-e8bf-4a96-9a85-a6e23a8c635c,.NET 10.0,False,True,False,True,Default,Default,False,False,False,Default,Default,Default,Default,Default,InProcessEmitToolchain,Default,Default,3,Default,1,Default,Default,Default,Default,Default,Default,16,3,73.884 ns,8.1253 ns,0.4454 ns,16.42,0.31,0.0362,304 B,12.67
Cfe_Success,ShortRun,False,Default,Default,Default,Default,Default,Default,1111111111111111,Empty,RyuJit,Default,X64,8c5e7fda-e8bf-4a96-9a85-a6e23a8c635c,.NET 10.0,False,True,False,True,Default,Default,False,False,False,Default,Default,Default,Default,Default,InProcessEmitToolchain,Default,Default,3,Default,1,Default,Default,Default,Default,Default,Default,16,3,4.985 ns,4.0037 ns,0.2195 ns,1.11,0.05,0.0029,24 B,1.00
Cfe_Failure,ShortRun,False,Default,Default,Default,Default,Default,Default,1111111111111111,Empty,RyuJit,Default,X64,8c5e7fda-e8bf-4a96-9a85-a6e23a8c635c,.NET 10.0,False,True,False,True,Default,Default,False,False,False,Default,Default,Default,Default,Default,InProcessEmitToolchain,Default,Default,3,Default,1,Default,Default,Default,Default,Default,Default,16,3,64.181 ns,14.8650 ns,0.8148 ns,14.26,0.30,0.0362,304 B,12.67
